City_ID,City,Country,Lat,Lng,Max Temp,Humidity,Cloudiness,Wind Speed,Current Description
0,Jamestown,US,42.097,-79.2353,72.99,73,40,5.99,scattered clouds
1,Vaini,TO,-21.2,-175.2,77.16,83,75,4.61,broken clouds
2,Mataura,NZ,-46.1927,168.8643,47.48,88,100,2.59,light rain
3,Rikitea,PF,-23.1203,-134.9692,74.62,80,97,19.73,overcast clouds
4,Kodiak,US,57.79,-152.4072,47.71,49,1,3.44,clear sky
5,Bredasdorp,ZA,-34.5322,20.0403,61.29,87,70,3.44,broken clouds
6,Khani,GE,41.9563,42.9566,49.57,76,3,4.5,clear sky
7,Punta Arenas,CL,-53.15,-70.9167,51.91,37,20,31.07,few clouds
8,Cabinda,AO,-5.55,12.2,76.23,79,100,9.08,overcast clouds
9,Albany,US,42.6001,-73.9662,66.16,80,95,6.55,overcast clouds
10,Hobart,AU,-42.8794,147.3294,46.26,75,20,1.99,few clouds
11,Pevek,RU,69.7008,170.3133,22.57,92,100,7.49,overcast clouds
12,Constitucion,CL,-35.3333,-72.4167,60.98,60,0,14.79,clear sky
13,Bluff,NZ,-46.6,168.3333,47.8,90,100,5.1,overcast clouds
14,Balangiga,PH,11.1097,125.3875,81.21,82,94,16.17,overcast clouds
15,Portland,US,45.5234,-122.6762,60.94,70,75,1.01,broken clouds
16,Ushuaia,AR,-54.8,-68.3,51.42,40,40,20.71,light rain
17,Castro,BR,-24.7911,-50.0119,57.63,93,100,9.22,overcast clouds
18,Tiksi,RU,71.6872,128.8694,29.01,98,100,6.44,light snow
19,Iquique,CL,-20.2208,-70.1431,62.64,72,29,11.81,scattered clouds
20,Faanui,PF,-16.4833,-151.75,79.14,76,41,13.27,scattered clouds
21,Rypefjord,NO,70.6333,23.6667,45.07,87,75,0.0,broken clouds
22,Laurel,US,39.0993,-76.8483,72.73,85,90,3.0,overcast clouds
23,Kuliyapitiya,LK,7.4688,80.0401,75.7,93,100,6.4,overcast clouds
24,Tessalit,ML,20.1986,1.0114,87.03,10,93,7.78,overcast clouds
25,Hamilton,US,39.1834,-84.5333,84.74,62,1,1.01,clear sky
26,Busselton,AU,-33.65,115.3333,55.09,73,96,15.12,overcast clouds
27,Lata,PT,40.1629,-8.3327,67.08,53,15,4.59,few clouds
28,Shu,KZ,43.5983,73.7614,44.87,71,100,11.1,overcast clouds
29,Mar Del Plata,AR,-38.0023,-57.5575,62.01,56,0,14.0,clear sky
30,Cherskiy,RU,68.75,161.3,0.46,98,87,5.55,overcast clouds
31,Tuktoyaktuk,CA,69.4541,-133.0374,30.2,80,90,6.91,light snow
32,Sitka,US,57.0531,-135.33,51.69,71,20,4.61,light rain
33,Saldanha,ZA,-33.0117,17.9442,59.05,58,77,9.66,broken clouds
34,Torbay,CA,47.6666,-52.7314,45.28,79,20,16.11,few clouds
35,Hermanus,ZA,-34.4187,19.2345,65.89,67,98,7.85,overcast clouds
36,Solnechnyy,RU,50.7214,136.6319,40.51,87,100,8.48,heavy intensity rain
37,Puerto Ayora,EC,-0.7393,-90.3518,76.96,83,67,7.0,broken clouds
38,Ewa Beach,US,21.3156,-158.0072,87.75,54,1,14.97,clear sky
39,Yangjiang,CN,21.85,111.9667,79.95,89,82,6.08,light rain
40,Dolores,AR,-36.3132,-57.6792,60.37,77,64,10.58,broken clouds
41,Huangnihe,CN,43.5583,128.0239,37.92,77,0,6.8,clear sky
42,Hasaki,JP,35.7333,140.8333,66.6,73,54,14.85,broken clouds
43,Half Moon Bay,US,37.4636,-122.4286,81.91,57,1,1.01,clear sky
44,Kitimat,CA,54.0524,-128.6534,50.92,66,99,3.0,light rain
45,Cayenne,GF,4.9333,-52.3333,84.24,78,0,3.0,clear sky
46,Asau,RO,46.4333,26.4,40.75,47,23,2.28,light snow
47,Barrow,US,71.2906,-156.7887,28.42,74,90,10.36,overcast clouds
48,Tuatapere,NZ,-46.1333,167.6833,47.82,96,100,4.83,overcast clouds
49,Isangel,VU,-19.55,169.2667,78.91,69,20,13.8,few clouds
50,Mabaruma,GY,8.2,-59.7833,83.14,75,37,7.45,scattered clouds
51,Nishihara,JP,26.1842,127.7558,82.45,86,75,20.71,light intensity shower rain
52,Katsuura,JP,35.1333,140.3,72.19,71,77,12.95,broken clouds
53,Guaruja,BR,-23.9931,-46.2564,73.17,57,90,6.91,moderate rain
54,Kapaa,US,22.0752,-159.319,82.38,70,40,7.0,light rain
55,Kaitangata,NZ,-46.2817,169.8464,52.77,72,100,3.6,moderate rain
56,Tasiilaq,GL,65.6145,-37.6368,32.16,57,1,2.84,clear sky
57,Deputatskiy,RU,69.3,139.9,19.11,85,100,3.74,overcast clouds
58,Mount Isa,AU,-20.7333,139.5,67.77,100,90,5.75,moderate rain
59,Tucano,BR,-10.9631,-38.7867,84.38,36,14,15.7,few clouds
60,Wilmington,US,34.2257,-77.9447,77.95,77,97,3.0,overcast clouds
61,Vitim,RU,59.4511,112.5578,33.4,86,100,9.91,overcast clouds
62,Luderitz,NA,-26.6481,15.1594,71.13,40,9,6.11,clear sky
63,Rocha,UY,-34.4833,-54.3333,59.5,77,100,12.55,overcast clouds
64,Upernavik,GL,72.7868,-56.1549,33.08,98,100,12.64,snow
65,Borazjan,IR,29.2666,51.2159,80.47,21,0,1.36,clear sky
66,Kahului,US,20.8947,-156.47,83.46,74,20,18.41,light rain
67,Maningrida,AU,-12.0667,134.2667,76.89,83,98,4.76,overcast clouds
68,Bonthe,SL,7.5264,-12.505,78.8,84,15,6.26,few clouds
69,Bereda,ES,43.2686,-7.5406,58.91,99,9,6.08,clear sky
70,Komoro,JP,36.3167,138.4333,61.36,92,9,3.22,clear sky
71,Isla Mujeres,MX,21.2311,-86.731,82.45,69,8,6.85,clear sky
72,Abha,SA,18.2164,42.5053,66.02,26,0,6.91,clear sky
73,Asfi,MA,32.2994,-9.2372,68.88,92,99,10.69,overcast clouds
74,Cidreira,BR,-30.1811,-50.2056,65.25,78,100,19.39,overcast clouds
75,Hilo,US,19.7297,-155.09,80.28,91,90,8.05,moderate rain
76,Chuy,UY,-33.6971,-53.4616,60.58,78,95,15.61,overcast clouds
77,Port Lincoln,AU,-34.7333,135.8667,50.47,63,3,8.88,clear sky
78,Nemuro,JP,43.3236,145.575,63.52,89,100,32.77,heavy intensity rain
79,Saint-Augustin,CA,51.226,-58.6502,51.78,61,59,5.64,broken clouds
80,Husavik,IS,66.0449,-17.3389,37.31,97,100,1.32,overcast clouds
81,Hualmay,PE,-11.0964,-77.6139,66.78,79,49,9.84,scattered clouds
82,Sheridan,US,44.8333,-106.9173,67.01,34,20,5.01,few clouds
83,Nikolskoye,RU,59.7035,30.7861,51.4,68,15,8.52,few clouds
84,Charters Towers,AU,-20.1,146.2667,68.56,76,0,10.16,clear sky
85,Buchanan,LR,5.8808,-10.0467,78.76,86,99,5.86,light rain
86,Kalmunai,LK,7.4167,81.8167,80.74,78,97,4.68,overcast clouds
87,Nhulunbuy,AU,-12.2333,136.7667,79.41,78,90,4.61,overcast clouds
88,Qaanaaq,GL,77.484,-69.3632,29.5,89,100,8.43,overcast clouds
89,Butaritari,KI,3.0707,172.7902,81.27,69,49,10.71,scattered clouds
90,Bambous Virieux,MU,-20.3428,57.7575,71.85,94,75,8.05,light rain
91,Klembivka,UA,48.3904,28.4109,43.65,51,27,6.11,scattered clouds
92,Oriximina,BR,-1.7656,-55.8661,89.15,49,100,2.17,moderate rain
93,Aldan,RU,58.6031,125.3894,28.15,88,90,13.51,overcast clouds
94,Mormugao,IN,15.4,73.8,78.06,87,27,1.99,scattered clouds
95,Vanimo,PG,-2.6741,141.3028,78.84,89,100,3.09,overcast clouds
96,Paamiut,GL,61.994,-49.6678,36.63,61,100,9.42,overcast clouds
97,Hope,US,33.6671,-93.5916,89.65,34,0,13.44,clear sky
98,Cockburn Town,TC,21.4612,-71.1419,82.96,71,99,15.57,overcast clouds
99,Acajutla,SV,13.5928,-89.8275,95.34,74,100,8.01,overcast clouds
100,Ixtapa,MX,20.7,-105.2,87.03,74,75,6.91,broken clouds
101,Uvat,RU,59.1433,68.8953,26.82,70,0,2.44,clear sky
102,Lavrentiya,RU,65.5833,-171.0,28.96,80,30,2.77,scattered clouds
103,Avarua,CK,-21.2078,-159.775,77.05,69,100,8.05,overcast clouds
104,Mayumba,GA,-3.432,10.6554,75.81,85,100,4.81,overcast clouds
105,Tautira,PF,-17.7333,-149.15,84.22,76,69,8.39,broken clouds
106,Merauke,ID,-8.4667,140.3333,76.62,84,100,7.65,overcast clouds
107,Port Blair,IN,11.6667,92.75,80.73,83,100,17.02,overcast clouds
108,Groningen,NL,53.25,6.75,56.01,80,75,4.61,mist
109,Dikson,RU,73.5069,80.5464,29.88,66,100,22.55,overcast clouds
110,Jacareacanga,BR,-6.2222,-57.7528,90.48,49,79,2.3,broken clouds
111,Bacolod,PH,10.6667,122.95,78.62,91,97,18.16,light rain
112,Menongue,AO,-14.6585,17.691,73.18,24,38,5.7,scattered clouds
113,Atuona,PF,-9.8,-139.0333,78.46,75,47,19.48,scattered clouds
114,Chokurdakh,RU,70.6333,147.9167,17.51,89,100,5.79,overcast clouds
115,Beisfjord,NO,68.3751,17.5988,50.05,91,100,3.53,light rain
116,Chapais,CA,49.7834,-74.8492,56.98,94,100,7.83,overcast clouds
117,Doha,QA,25.2867,51.5333,85.98,54,0,5.75,clear sky
118,Tiruvidaimarudur,IN,10.996,79.4521,77.85,89,100,8.43,overcast clouds
119,New Norfolk,AU,-42.7826,147.0587,46.92,72,87,1.01,overcast clouds
120,Irece,BR,-11.3042,-41.8558,88.3,23,35,12.44,scattered clouds
121,Norman Wells,CA,65.282,-126.8329,32.04,93,75,10.36,broken clouds
122,Ostrovnoy,RU,68.0531,39.5131,42.62,94,100,3.13,overcast clouds
123,Lebu,CL,-37.6167,-73.65,54.75,74,12,11.74,few clouds
124,Saint-Pierre,RE,-21.3393,55.4781,71.24,73,0,6.91,clear sky
125,Hillsborough,US,37.5741,-122.3794,81.32,59,20,3.44,few clouds
126,Blagoyevo,RU,63.3667,47.9167,47.48,95,100,10.8,overcast clouds
127,Carnarvon,AU,-24.8667,113.6333,62.67,82,0,16.11,clear sky
128,Cape Town,ZA,-33.9258,18.4232,66.11,85,0,3.44,clear sky
129,Provideniya,RU,64.3833,-173.3,32.11,80,75,6.71,broken clouds
130,Esperance,AU,-33.8667,121.9,58.39,43,100,19.95,overcast clouds
131,Kutum,SD,14.2,24.6667,84.45,19,82,14.92,broken clouds
132,Touros,BR,-5.1989,-35.4608,81.5,76,26,12.86,scattered clouds
133,Beloha,MG,-25.1667,45.05,67.64,87,16,7.61,light rain
134,Fort Wellington,GY,6.4,-57.6,82.63,75,100,9.75,overcast clouds
135,Talnakh,RU,69.4865,88.3972,20.79,97,93,5.17,light snow
136,Izumo,JP,35.3667,132.7667,71.55,80,18,5.48,few clouds
137,Poum,NC,-20.2333,164.0167,74.32,64,13,20.13,few clouds
138,Huilong,CN,31.8111,121.655,74.03,88,100,23.24,overcast clouds
139,Pak Phanang,TH,8.3511,100.202,79.36,83,70,9.91,broken clouds
140,Tacuarembo,UY,-31.7333,-55.9833,65.16,93,100,6.96,moderate rain
141,Nikel,RU,69.4128,30.222,41.18,96,100,2.28,overcast clouds
142,Pridonskoy,RU,51.6841,39.0727,32.56,93,15,2.24,few clouds
143,Mackenzie,CA,55.2999,-123.1698,46.62,49,90,12.66,overcast clouds
144,Nampula,MZ,-15.1165,39.2666,73.35,73,0,9.22,clear sky
145,Faya,SA,18.3851,42.4509,66.31,29,34,11.3,scattered clouds
146,Port Elizabeth,ZA,-33.918,25.5701,61.09,72,20,19.57,few clouds
147,Marquette,US,46.5333,-87.6335,71.82,82,100,11.45,overcast clouds
148,Ribeira Grande,PT,38.5167,-28.7,70.9,89,100,23.15,overcast clouds
149,Pitimbu,BR,-7.4706,-34.8086,79.39,79,52,9.01,broken clouds
150,Komsomolskiy,UZ,40.4272,71.7189,44.02,81,24,4.61,few clouds
151,Atar,MR,20.5169,-13.0499,88.3,18,1,4.83,clear sky
152,Victoria,HK,22.2855,114.1577,82.33,84,100,3.0,overcast clouds
153,Iqaluit,CA,63.7506,-68.5145,37.13,86,40,3.0,scattered clouds
154,Leningradskiy,RU,69.3833,178.4167,21.0,89,100,4.23,overcast clouds
155,Angoram,PG,-4.0625,144.0661,73.53,92,100,2.51,overcast clouds
156,Kota Tinggi,MY,1.7381,103.8999,80.64,92,100,3.2,overcast clouds
157,Boyolangu,ID,-8.1181,111.8935,74.84,86,98,5.14,overcast clouds
158,Acarau,BR,-2.8856,-40.12,79.74,77,7,19.95,clear sky
159,Coihaique,CL,-45.5752,-72.0662,56.01,58,75,4.61,broken clouds
160,Lagos,NG,6.5833,3.75,80.92,95,100,3.47,moderate rain
161,The Valley,AI,18.217,-63.0578,84.06,78,75,14.97,broken clouds
162,Pisco,PE,-13.7,-76.2167,68.05,68,0,14.97,clear sky
163,Nanortalik,GL,60.1432,-45.2371,36.37,61,6,2.91,clear sky
164,Mahebourg,MU,-20.4081,57.7,71.89,94,75,8.05,light rain
165,Honiara,SB,-9.4333,159.95,81.84,79,96,1.59,overcast clouds
166,Bollnas,SE,61.3482,16.3946,50.4,91,100,11.21,overcast clouds
167,Arraial Do Cabo,BR,-22.9661,-42.0278,67.86,88,75,17.27,light rain
168,Cabedelo,BR,-6.9811,-34.8339,79.47,75,32,10.09,scattered clouds
169,Khasan,RU,42.4308,130.6434,53.01,53,52,15.99,broken clouds
170,Mount Gambier,AU,-37.8333,140.7667,47.97,60,99,4.76,overcast clouds
171,Bengkulu,ID,-3.8004,102.2655,75.54,90,91,3.42,overcast clouds
172,Roros,NO,62.5747,11.3842,35.44,93,20,1.14,fog
173,Bratsk,RU,56.1325,101.6142,39.69,79,90,10.85,overcast clouds
174,Besancon,FR,47.2488,6.0182,45.05,100,0,3.91,clear sky
175,Port Keats,AU,-14.25,129.55,81.19,77,98,8.97,overcast clouds
176,Port Hardy,CA,50.6996,-127.4199,51.8,81,75,5.75,light intensity shower rain
177,Udachnyy,RU,66.4167,112.4,22.66,91,100,18.61,overcast clouds
178,San Carlos De Bariloche,AR,-41.1456,-71.3082,60.55,33,0,25.32,clear sky
179,Nantucket,US,41.2835,-70.0995,62.65,87,100,21.68,light rain
180,Port-Gentil,GA,-0.7193,8.7815,76.96,88,20,4.61,few clouds
181,Whitehorse,CA,60.7161,-135.0538,42.1,69,75,2.3,broken clouds
182,Emilio Carranza,MX,19.9711,-96.6114,87.15,65,6,14.88,clear sky
183,Taga,RO,46.95,24.05,45.32,46,100,2.42,overcast clouds
184,Sorland,NO,67.667,12.6934,50.4,78,100,8.28,overcast clouds
185,Lookan,PH,5.037,120.1027,83.52,77,100,9.86,overcast clouds
186,Dali,CN,25.7,100.1833,59.05,88,47,2.75,scattered clouds
187,Seddon,AU,-37.8068,144.8916,50.79,86,75,1.01,broken clouds
188,Smithers,CA,54.7804,-127.1743,46.72,57,75,2.3,broken clouds
189,Sinnamary,GF,5.3833,-52.95,81.7,78,99,10.87,overcast clouds
190,Lucea,JM,18.451,-78.1736,85.86,70,99,1.36,overcast clouds
191,Dawlatabad,AF,36.4141,64.9053,46.6,35,0,3.91,clear sky
192,Razdolinsk,RU,58.4211,94.6658,28.56,90,100,6.87,overcast clouds
193,Khatanga,RU,71.9667,102.5,16.52,96,100,5.1,light snow
194,Codrington,AU,-38.2667,141.9667,48.2,71,83,9.86,broken clouds
195,Khargone,IN,21.8167,75.6,78.62,65,24,3.78,few clouds
196,Sakaiminato,JP,35.55,133.2333,71.58,83,20,5.75,few clouds
197,Morros,BR,-9.4467,-46.3003,93.4,19,96,5.44,overcast clouds
198,Orocue,CO,4.7912,-71.3354,84.38,75,89,1.99,overcast clouds
199,Narsaq,GL,60.9167,-46.05,30.42,48,26,1.59,scattered clouds
200,Bremerton,US,47.5673,-122.6326,60.26,74,90,1.01,light rain
201,Sharkan,RU,57.2989,53.8712,45.16,96,100,5.17,light rain
202,La Ronge,CA,55.1001,-105.2842,53.82,58,75,4.61,broken clouds
203,Tatawin,TN,32.9297,10.4518,68.88,73,0,3.96,clear sky
204,Meulaboh,ID,4.1363,96.1285,76.15,88,100,3.29,overcast clouds
205,Kruisfontein,ZA,-34.0033,24.7314,52.84,76,41,6.2,scattered clouds
206,Aklavik,CA,68.2191,-135.0107,30.92,78,100,9.31,overcast clouds
207,Santa Isabel,BR,-23.3156,-46.2214,65.66,97,100,5.57,moderate rain
208,Salalah,OM,17.0151,54.0924,80.69,83,75,4.61,broken clouds
209,Tual,ID,-5.6667,132.75,82.38,75,100,1.63,overcast clouds
210,Vostok,RU,46.4856,135.8833,37.0,88,100,14.92,overcast clouds
211,Oranjestad,AW,12.524,-70.027,87.75,66,20,11.5,few clouds
212,Saskylakh,RU,71.9167,114.0833,17.26,96,100,6.91,overcast clouds
213,Bogalusa,US,30.791,-89.8487,87.85,48,75,11.5,broken clouds
214,Soledar,UA,48.6794,38.089,46.0,58,91,7.02,overcast clouds
215,Ardabil,IR,38.2498,48.2933,45.25,87,86,1.21,overcast clouds
216,Avera,US,33.194,-82.5271,83.08,55,10,8.14,clear sky
217,Namie,JP,37.4833,141.0,68.97,83,0,10.27,clear sky
218,Mantua,IT,45.1667,10.7833,53.71,83,0,1.01,clear sky
219,Vryheid,ZA,-27.7695,30.7917,49.8,82,68,2.44,broken clouds
220,Saint-Philippe,RE,-21.3585,55.7679,71.15,88,8,6.8,clear sky
221,Rio Gallegos,AR,-51.6226,-69.2181,55.45,47,20,11.5,few clouds
222,Northam,GB,51.0333,-4.2167,54.61,83,11,11.83,few clouds
223,Shimoda,JP,34.6667,138.95,71.71,81,10,7.05,clear sky
224,Lebanon,US,36.2081,-86.2911,85.26,58,1,9.22,clear sky
225,Chake Chake,TZ,-5.2459,39.7666,75.63,85,53,9.37,broken clouds
226,Cosolapa,MX,18.5833,-96.65,86.27,65,20,4.5,few clouds
227,Coquimbo,CL,-29.9533,-71.3436,64.13,48,0,14.97,clear sky
228,Viedma,AR,-40.8135,-62.9967,73.74,28,1,18.45,clear sky
229,Haines Junction,CA,60.7522,-137.5108,39.15,56,26,2.3,scattered clouds
230,Sakata,JP,38.9167,139.855,70.99,77,28,9.91,scattered clouds
231,Micheweni,TZ,-4.9667,39.8333,77.2,82,40,11.61,scattered clouds
232,Balaguer,ES,41.7912,0.8109,60.42,84,7,2.04,clear sky
233,Yellowknife,CA,62.456,-114.3525,37.42,100,90,16.11,light rain
234,Yulara,AU,-25.2406,130.9889,53.44,71,90,9.22,overcast clouds
235,Los Llanos De Aridane,ES,28.6585,-17.9182,69.55,85,20,13.8,few clouds
236,Alofi,NU,-19.0595,-169.9187,78.69,83,100,3.44,overcast clouds
237,Korla,CN,41.7597,86.1469,47.08,42,58,3.04,broken clouds
238,Beckley,US,37.7782,-81.1882,77.7,65,1,5.75,clear sky
239,Wajid,SO,3.8093,43.2471,75.54,73,17,19.08,few clouds
240,Sao Felix Do Xingu,BR,-6.6447,-51.995,90.79,37,100,3.33,overcast clouds
241,Zhuji,CN,29.7188,120.2423,67.91,94,100,7.16,overcast clouds
242,Hami,CN,42.8,93.45,48.04,25,4,7.18,clear sky
243,Baruun-Urt,MN,46.6806,113.2792,33.78,49,0,8.9,clear sky
244,Port-Cartier,CA,50.0334,-66.8654,52.75,83,62,1.7,broken clouds
245,Lillooet,CA,50.6856,-121.942,48.92,61,96,4.23,overcast clouds
246,Clyde River,CA,70.4692,-68.5914,37.63,75,90,11.5,overcast clouds
247,Emerald,AU,-23.5333,148.1667,72.99,62,40,11.5,scattered clouds
248,Rabo De Peixe,PT,37.8,-25.5833,69.31,88,75,12.66,broken clouds
249,Constantine,DZ,36.365,6.6147,56.61,76,40,1.14,scattered clouds
250,Lowestoft,GB,52.4752,1.7516,50.92,93,63,8.32,broken clouds
251,Okha,RU,53.5739,142.9478,46.58,98,100,12.71,light rain
252,Belle Fourche,US,44.6714,-103.8522,68.88,26,1,19.86,clear sky
253,Mittagong,AU,-34.45,150.45,46.0,97,100,6.04,overcast clouds
254,Sechura,PE,-5.5569,-80.8222,76.17,62,29,16.46,scattered clouds
255,Leshukonskoye,RU,64.8989,45.7622,47.55,97,100,8.46,overcast clouds
256,Nouadhibou,MR,20.931,-17.0347,69.78,78,0,13.8,clear sky
257,Neckarsulm,DE,49.1928,9.2261,47.48,75,19,2.64,few clouds
258,Cabo San Lucas,MX,22.8909,-109.9124,96.19,66,20,4.0,few clouds
259,Bonavista,CA,48.6499,-53.1147,44.11,74,72,28.3,broken clouds
260,Lagoa,PT,39.05,-27.9833,71.13,85,100,22.84,overcast clouds
261,Bethel,US,41.3712,-73.414,64.2,88,90,1.01,haze
262,Suntar,RU,62.1444,117.6319,33.87,71,100,14.58,overcast clouds
263,Brigantine,US,39.4101,-74.3646,70.07,86,90,13.8,overcast clouds
264,Camacha,PT,33.0833,-16.3333,69.53,73,20,14.97,few clouds
265,Maniitsoq,GL,65.4167,-52.9,35.67,87,100,10.49,overcast clouds
266,Ciudad Bolivar,VE,8.1222,-63.5497,90.3,54,96,2.3,overcast clouds
267,Pouembout,NC,-21.1333,164.9,75.09,56,7,7.07,clear sky
268,Baykit,RU,61.67,96.37,22.82,81,70,6.49,broken clouds
269,Santona,ES,43.4439,-3.4576,62.08,81,82,2.91,broken clouds
270,Airai,TL,-8.9266,125.4092,60.84,69,100,1.25,overcast clouds
271,Naryan-Mar,RU,67.6713,53.087,30.63,94,100,11.18,overcast clouds
272,Alta,NO,69.9689,23.2717,40.26,93,75,3.44,broken clouds
273,Mananara,MG,-16.1667,49.7667,64.92,92,21,4.05,few clouds
274,Necochea,AR,-38.5473,-58.7368,61.11,78,45,8.55,scattered clouds
275,Saint George,US,37.1041,-113.5841,73.87,31,1,4.0,clear sky
276,Waingapu,ID,-9.6567,120.2641,75.0,75,58,3.78,broken clouds
277,Fortuna,US,40.5982,-124.1573,70.48,69,86,8.01,overcast clouds
278,Vorozhba,UA,51.1733,34.2192,41.83,52,86,6.67,overcast clouds
279,Gorey,IE,52.6747,-6.2925,49.48,87,43,4.99,scattered clouds
280,Alibag,IN,18.6411,72.8792,80.67,84,72,2.3,broken clouds
281,Guerrero Negro,MX,27.9769,-114.0611,79.68,46,0,12.5,clear sky
282,Namatanai,PG,-3.6667,152.4333,80.92,77,24,3.31,few clouds
283,Upata,VE,8.0086,-62.3989,81.05,66,96,4.12,overcast clouds
284,Dunedin,NZ,-45.8742,170.5036,54.81,67,100,5.41,overcast clouds
285,Zeya,RU,53.75,127.2667,33.24,74,8,4.97,clear sky
286,Karratha,AU,-20.7377,116.8463,72.73,36,8,5.57,clear sky
287,Roma,US,43.2128,-75.4557,71.44,72,1,10.36,clear sky
288,Zapolyarnyy,RU,69.4154,30.8136,40.28,97,100,1.99,overcast clouds
289,Karnobat,BG,42.65,26.9833,55.24,80,100,5.84,overcast clouds
290,Jizan,SA,17.3333,42.6667,86.94,68,19,3.62,few clouds
291,Beyneu,KZ,45.3167,55.2,50.83,48,88,6.85,overcast clouds
292,Bobcaygeon,CA,44.5462,-78.542,67.64,70,100,8.41,overcast clouds
293,Cartagena Del Chaira,CO,1.3349,-74.8429,86.43,59,85,1.81,overcast clouds
294,Barberton,ZA,-25.7884,31.0532,55.94,79,95,2.89,overcast clouds
295,Fort Nelson,CA,58.8053,-122.7002,44.19,57,75,18.41,light rain
296,Padang,ID,-0.9492,100.3543,75.07,95,100,1.59,overcast clouds
297,Marawi,PH,7.9986,124.2928,68.65,95,93,7.02,overcast clouds
298,Port Alfred,ZA,-33.5906,26.891,60.24,70,17,24.7,few clouds
299,Mogadishu,SO,2.0371,45.3438,78.26,89,15,14.88,few clouds
300,Broken Hill,AU,-31.95,141.4333,44.31,81,46,9.22,scattered clouds
301,Garowe,SO,8.4054,48.4845,82.54,55,97,11.99,overcast clouds
302,Mwene-Ditu,CD,-7.0,23.45,70.63,75,92,3.62,overcast clouds
303,Pangnirtung,CA,66.1451,-65.7125,36.36,69,100,3.69,overcast clouds
304,Anajatuba,BR,-3.2644,-44.6197,82.89,70,99,7.45,overcast clouds
305,Semirom,IR,31.4167,51.5667,47.66,43,0,4.12,clear sky
306,Xuddur,SO,4.1213,43.8894,74.39,74,79,15.14,broken clouds
307,Labuhan,ID,-6.8844,112.2051,77.54,78,70,8.66,broken clouds
308,Georgetown,MY,5.4112,100.3354,78.89,84,20,1.01,few clouds
309,Troitskoye,RU,52.9821,84.6757,42.87,79,100,5.97,overcast clouds
310,Banda Aceh,ID,5.5577,95.3222,79.11,80,29,15.05,scattered clouds
311,Kota Kinabalu,MY,5.9749,116.0724,81.88,89,20,3.44,few clouds
312,Inhambane,MZ,-23.865,35.3833,68.9,62,10,16.53,clear sky
313,Hay River,CA,60.8156,-115.7999,39.18,75,75,16.11,broken clouds
314,Lerwick,GB,60.1545,-1.1494,48.2,81,15,24.47,few clouds
315,Dzhebariki-Khaya,RU,62.2167,135.8,28.11,79,100,4.03,overcast clouds
316,Ishigaki,JP,24.3448,124.1572,82.53,89,75,33.38,broken clouds
317,Teya,RU,60.3778,92.6267,24.87,83,100,7.34,overcast clouds
318,Huai Thalaeng,TH,14.997,102.6475,80.64,91,100,5.75,overcast clouds
319,Nelson Bay,AU,-32.7167,152.15,59.76,97,100,3.0,light rain
320,Wollongong,AU,-34.4333,150.8833,53.08,74,100,12.44,overcast clouds
321,Akyab,MM,20.15,92.9,80.73,87,100,4.25,overcast clouds
322,Baghmara,IN,23.795,86.2085,73.96,73,6,3.53,clear sky
323,Chany,RU,55.3121,76.7647,32.27,73,100,11.27,overcast clouds
324,Kazachinskoye,RU,57.6953,93.2761,33.71,91,100,5.23,overcast clouds
325,Bairiki,KI,1.3292,172.9752,82.4,74,20,5.75,few clouds
326,Kieta,PG,-6.2167,155.6333,80.49,81,92,4.0,overcast clouds
327,Buxar,IN,25.5833,83.9833,74.1,74,1,1.95,clear sky
328,Ajdabiya,LY,30.7554,20.2263,80.74,27,0,7.58,clear sky
329,Shitanjing,CN,39.2342,106.3439,39.06,47,0,9.19,clear sky
330,Berck,FR,50.4,1.6,57.51,94,0,8.05,clear sky
331,Tomatlan,MX,19.9333,-105.25,85.91,79,100,5.17,overcast clouds
332,Minot,US,48.2325,-101.2963,68.11,39,39,1.01,scattered clouds
333,East London,ZA,-33.0153,27.9116,59.86,70,17,17.9,few clouds
334,Dengzhou,CN,37.8086,120.7508,60.49,43,34,13.56,light rain
335,Ararat,AM,39.8317,44.7049,50.34,40,0,4.18,clear sky
336,Ahipara,NZ,-35.1667,173.1667,58.87,64,84,6.89,broken clouds
337,Ojinaga,MX,29.5667,-104.4167,94.15,16,1,23.02,clear sky
338,Progreso,MX,21.2833,-89.6667,95.11,67,58,12.19,broken clouds
339,Tateyama,JP,34.9833,139.8667,72.1,70,57,13.09,broken clouds
340,Mbandaka,CD,0.0487,18.2603,71.24,98,86,2.33,overcast clouds
341,Dorado,PR,18.4588,-66.2677,84.15,92,75,13.8,broken clouds
342,Carutapera,BR,-1.195,-46.02,80.94,76,63,8.12,broken clouds
343,Haapiti,PF,-17.5667,-149.8667,83.93,69,67,7.43,broken clouds
344,Sendhwa,IN,21.6833,75.1,77.32,70,19,1.25,few clouds
345,Bolgatanga,GH,10.7856,-0.8514,82.09,61,59,3.49,broken clouds
346,Kajaani,FI,64.2273,27.7285,48.25,93,90,6.91,overcast clouds
347,Rondonopolis,BR,-16.4708,-54.6356,85.01,59,100,4.88,overcast clouds
348,Sale,MA,34.0389,-6.8166,64.42,94,40,0.0,scattered clouds
349,Nurota,UZ,40.5614,65.6886,35.69,43,0,3.51,clear sky
350,Hovd,MN,48.0056,91.6419,33.49,36,29,1.72,scattered clouds
351,Kerch,UA,45.3583,36.4758,58.73,72,8,9.31,clear sky
352,Talara,PE,-4.5772,-81.2719,74.16,68,0,14.97,clear sky
353,Jefferson City,US,38.5767,-92.1735,85.57,48,75,5.75,broken clouds
354,Longyearbyen,SJ,78.2186,15.6401,26.44,80,75,4.61,broken clouds
355,Marquetalia,CO,5.2966,-75.055,70.45,81,87,1.61,overcast clouds
356,Awash,ET,8.9833,40.1667,76.44,65,98,1.95,overcast clouds
357,Dumas,US,35.8656,-101.9732,53.02,93,90,10.36,moderate rain
358,Toyooka,JP,35.5333,134.8333,75.31,95,12,6.58,few clouds
359,Igrim,RU,63.1906,64.4162,28.96,63,6,4.32,clear sky
360,Pacific Grove,US,36.6177,-121.9166,83.57,73,1,5.99,clear sky
361,Kloulklubed,PW,7.0419,134.2556,73.9,74,94,12.24,overcast clouds
362,Flin Flon,CA,54.7682,-101.865,58.84,47,75,4.61,smoke
363,Huangzhai,CN,38.0751,112.6595,34.21,50,100,2.13,overcast clouds
364,Caravelas,BR,-17.7125,-39.2481,73.06,89,100,8.01,overcast clouds
365,College,US,64.8569,-147.8028,37.35,95,90,5.75,mist
366,Nome,US,64.5011,-165.4064,38.16,69,75,4.61,broken clouds
367,Srednekolymsk,RU,67.45,153.6833,7.47,95,28,3.02,scattered clouds
368,Kano,NG,12.0001,8.5167,67.89,77,0,3.44,clear sky
369,Concordia,AR,-31.393,-58.0209,66.27,100,90,1.99,thunderstorm with rain
370,Uige,AO,-7.6087,15.0613,71.98,80,94,3.22,overcast clouds
371,Kununurra,AU,-15.7667,128.7333,78.78,73,75,8.05,broken clouds
372,Banjar,ID,-8.19,114.9675,75.06,86,68,6.73,broken clouds
373,Sol-Iletsk,RU,51.1631,54.9918,42.84,83,44,3.71,scattered clouds
374,Mahibadhoo,MV,3.7833,72.9667,82.53,77,81,15.52,broken clouds
375,Lyubim,RU,58.3625,40.6843,41.9,91,14,5.12,few clouds
376,Aksu,CN,41.1231,80.2644,50.0,25,100,3.27,moderate rain
377,Nyaunglebin,MM,17.95,96.7333,75.85,98,97,1.86,overcast clouds
378,Saint John,CA,45.2727,-66.0677,55.78,76,90,8.05,overcast clouds
379,Skjold,DK,55.7971,9.9397,51.96,89,94,8.9,overcast clouds
380,Wau,SS,7.7029,27.9953,73.53,89,100,5.08,overcast clouds
381,Samarai,PG,-10.6167,150.6667,79.29,78,98,8.55,overcast clouds
382,Soyo,AO,-6.1349,12.3689,76.1,79,100,11.5,overcast clouds
383,Ancud,CL,-41.8697,-73.8203,54.43,77,100,8.08,overcast clouds
384,Andenes,NO,69.3143,16.1194,47.07,81,75,4.61,light rain
385,Fereydun Kenar,IR,36.6864,52.5225,64.22,54,1,3.04,clear sky
386,Sao Jose Da Coroa Grande,BR,-8.8978,-35.1478,77.18,79,39,7.99,scattered clouds
387,Thompson,CA,55.7435,-97.8558,51.96,71,75,3.44,broken clouds
388,Laminusa,PH,5.5549,120.9136,83.68,75,93,10.49,overcast clouds
389,Mianwali,PK,32.5741,71.5264,80.91,40,0,6.02,clear sky
390,Abeche,TD,13.8292,20.8324,87.91,22,7,2.57,clear sky
391,Grand Forks,US,47.9417,-97.4337,55.13,94,90,17.27,overcast clouds
392,Klyuchi,RU,52.2667,79.1667,44.38,67,100,5.59,overcast clouds
393,Bondoukou,CI,8.0333,-2.8,72.84,95,97,6.13,light rain
394,Qasigiannguit,GL,68.8193,-51.1922,32.25,82,100,1.72,overcast clouds
395,Henties Bay,NA,-22.116,14.2845,59.86,67,0,4.43,clear sky
396,Hambantota,LK,6.1241,81.1185,79.14,100,95,8.05,overcast clouds
397,Ploemeur,FR,47.7333,-3.4333,58.82,95,0,6.91,clear sky
398,Kaputa,ZM,-8.4689,29.6619,81.1,38,88,3.78,overcast clouds
399,Kishi,NG,9.0833,3.85,75.16,87,89,4.63,overcast clouds
400,Lamu,KE,-2.2717,40.902,77.22,85,98,13.82,overcast clouds
401,Kalmar,SE,56.6616,16.3616,52.97,77,100,10.36,overcast clouds
402,Bezhanitsy,RU,56.9767,29.8907,39.85,77,54,6.06,broken clouds
403,Hokitika,NZ,-42.7167,170.9667,53.96,81,100,9.08,moderate rain
404,Fuzhou,CN,26.0614,119.3061,80.49,93,20,4.23,few clouds
405,Upington,ZA,-28.4478,21.2561,61.18,11,11,4.61,few clouds
406,Hithadhoo,MV,-0.6,73.0833,82.67,68,98,13.24,overcast clouds
407,Atherton,GB,53.5237,-2.4935,55.42,87,100,1.99,overcast clouds
408,Vaitape,PF,-16.5167,-151.75,79.14,76,42,13.22,scattered clouds
409,Kaeo,NZ,-35.1,173.7833,58.35,65,12,6.2,few clouds
410,Kaihua,CN,23.3687,104.28,60.21,97,100,10.11,light rain
411,Klaksvik,FO,62.2266,-6.589,43.72,70,100,18.92,overcast clouds
412,Margate,GB,51.3813,1.3862,56.7,81,77,10.83,broken clouds
413,Belmonte,BR,-15.8631,-38.8828,73.9,90,79,8.93,broken clouds
414,Souillac,MU,-20.5167,57.5167,71.98,94,75,8.05,light rain
415,Chama,CH,47.1821,8.4636,47.61,88,3,0.0,clear sky
416,Mana,GF,5.6592,-53.7767,81.46,81,100,11.43,overcast clouds
417,Ponta Do Sol,PT,32.6667,-17.1,73.0,70,15,5.46,few clouds
418,Namibe,AO,-15.1961,12.1522,68.54,87,71,5.82,broken clouds
419,Sonepur,IN,20.8333,83.9167,72.61,75,11,1.43,few clouds
420,Usakos,NA,-22.0,15.6,76.15,12,0,2.68,clear sky
421,San Juan,AR,-31.5375,-68.5364,77.18,25,2,14.52,clear sky
422,Am Timan,TD,11.0297,20.2827,77.79,67,77,6.89,broken clouds
423,Walvis Bay,NA,-22.9575,14.5053,60.1,77,0,8.05,clear sky
424,Behat,IN,30.1667,77.6167,71.04,53,0,5.37,clear sky
425,Donauworth,DE,48.7,10.8,45.37,82,9,2.33,clear sky
426,Madimba,TZ,-10.4,40.3333,75.06,84,13,8.99,few clouds
427,Santa Rita,BR,-7.1139,-34.9781,79.47,78,20,5.75,few clouds
428,Ternate,ID,0.8,127.4,81.25,80,100,4.18,overcast clouds
429,Chifeng,CN,42.2683,118.9636,40.91,44,0,6.8,clear sky
430,Beringovskiy,RU,63.05,179.3167,29.48,87,99,12.8,light snow
431,Aswan,EG,24.0934,32.907,96.1,17,0,12.66,clear sky
432,Gobabis,NA,-22.45,18.9667,65.16,11,0,10.65,clear sky
433,Kavaratti,IN,10.5669,72.642,82.09,81,98,14.65,overcast clouds
434,Bubaque,GW,11.2833,-15.8333,82.69,77,100,9.06,overcast clouds
435,Port Hedland,AU,-20.3167,118.5667,71.65,24,51,14.97,broken clouds
436,Sept-Iles,CA,50.2001,-66.3821,53.06,81,75,1.01,broken clouds
437,Caluquembe,AO,-13.7833,14.6833,74.19,44,91,3.96,overcast clouds
438,Jiuquan,CN,39.7432,98.5174,39.24,24,0,3.29,clear sky
439,Ipubi,BR,-7.6519,-40.1489,87.39,23,93,4.36,overcast clouds
440,Rincon De La Victoria,ES,36.7172,-4.2758,74.44,70,89,4.41,overcast clouds
441,Xining,CN,36.6167,101.7667,39.6,75,2,1.86,clear sky
442,Makat,KZ,47.6469,53.3463,50.05,37,2,6.71,clear sky
443,Sao Filipe,CV,14.8961,-24.4956,81.03,71,0,5.55,clear sky
444,Tarabuco,BO,-19.1667,-64.9167,68.58,37,6,13.22,clear sky
445,Sisophon,KH,13.5859,102.9737,76.26,95,89,3.67,overcast clouds
446,Bucine,IT,43.4764,11.6148,53.91,77,70,5.06,broken clouds
447,Chirongui,YT,-12.9319,45.1483,76.93,80,5,8.23,clear sky
448,Kitgum,UG,3.2783,32.8867,68.47,90,85,2.28,overcast clouds
449,Nioro,GM,13.35,-15.75,78.89,83,74,6.33,broken clouds
450,Novo Cruzeiro,BR,-17.4681,-41.8753,64.85,93,87,3.6,overcast clouds
451,Imbituba,BR,-28.24,-48.6703,67.89,82,100,11.63,overcast clouds
452,Puerto Del Rosario,ES,28.5004,-13.8627,73.15,68,75,12.66,broken clouds
453,La Paz,BO,-16.5,-68.15,62.58,47,75,13.8,broken clouds
454,Raisinghnagar,IN,29.5358,73.4492,85.84,26,0,8.28,clear sky
455,Dafeng,CN,23.4517,108.5881,68.4,92,100,10.78,overcast clouds
456,La Palma,US,33.8464,-118.0467,89.87,47,1,8.01,clear sky
457,Santa Lucia,ES,27.9117,-15.5407,65.52,71,20,17.27,few clouds
458,Vuktyl,RU,63.8567,57.3094,29.84,94,100,10.45,light snow
459,Eureka,US,40.8021,-124.1637,65.68,77,69,8.01,broken clouds
460,Issia,CI,6.4922,-6.5856,73.53,99,100,4.05,overcast clouds
461,Sao Miguel Do Araguaia,BR,-13.275,-50.1628,92.52,29,81,1.79,broken clouds
462,Chernyshevskiy,RU,63.0128,112.4714,27.32,79,68,14.72,broken clouds
463,Harwich,GB,51.9419,1.2844,55.99,92,81,1.99,broken clouds
464,Zhezkazgan,KZ,47.8043,67.7144,46.9,46,95,9.08,overcast clouds
465,Geraldton,AU,-28.7667,114.6,50.41,87,37,5.75,scattered clouds
466,Pangody,RU,65.85,74.4859,27.64,87,37,8.37,scattered clouds
467,Laguna,US,38.421,-121.4238,81.23,34,1,1.01,clear sky
468,Muscat,OM,23.6139,58.5922,84.22,50,2,3.47,clear sky
469,Saint-Joseph,RE,-21.3667,55.6167,70.16,84,3,6.55,clear sky
470,Kavieng,PG,-2.5744,150.7967,82.22,75,63,6.98,broken clouds
471,Bull Savanna,JM,17.8868,-77.5902,82.2,64,79,8.88,broken clouds
472,Sehithwa,BW,-20.4667,22.7167,70.43,55,0,17.0,clear sky
473,Nacozari,MX,25.3366,-108.2574,98.11,48,6,11.03,clear sky
474,Karlskoga,SE,59.3267,14.5239,51.12,84,92,11.3,overcast clouds
475,Cerano,MX,20.1167,-101.3833,76.77,46,23,2.21,few clouds
476,Vao,NC,-22.6667,167.4833,69.78,63,3,13.06,clear sky
477,Twentynine Palms,US,34.1356,-116.0542,84.06,16,0,3.0,clear sky
478,Dingle,PH,10.9995,122.6711,76.73,92,93,9.51,overcast clouds
479,Kovdor,RU,67.5662,30.4758,44.82,99,100,0.83,overcast clouds
480,Ngaoundere,CM,7.3167,13.5833,64.94,96,100,3.06,overcast clouds
481,Sergeyevka,KZ,53.88,67.4158,31.37,64,17,6.24,few clouds
482,Bose,IT,45.4612,8.0137,52.74,83,0,4.54,clear sky
483,Areosa,PT,41.7178,-8.8571,71.24,55,67,5.93,broken clouds
484,Ikot Ekpene,NG,5.1794,7.7108,73.29,96,100,1.28,overcast clouds
485,Nouakchott,MR,18.0858,-15.9785,80.53,63,0,19.44,clear sky
486,Tumut,AU,-35.3,148.2167,41.99,92,96,0.78,overcast clouds
487,Taoudenni,ML,22.6783,-3.9836,93.96,9,68,7.27,broken clouds
488,Seoul,KR,37.5683,126.9778,56.8,82,0,5.75,clear sky
489,Teahupoo,PF,-17.8333,-149.2667,78.76,75,72,8.48,broken clouds
490,Zorritos,PE,-3.6805,-80.6782,71.89,78,39,12.17,scattered clouds
491,Gushikawa,JP,26.3544,127.8686,82.4,85,20,16.11,light rain
492,Lakes Entrance,AU,-37.8811,147.981,43.57,88,18,8.5,few clouds
493,Severo-Kurilsk,RU,50.6789,156.125,47.84,94,100,27.76,moderate rain
494,Vangaindrano,MG,-23.35,47.6,68.95,88,67,5.28,broken clouds
495,San Patricio,US,28.017,-97.5169,95.68,58,53,20.87,broken clouds
496,Antofagasta,CL,-23.65,-70.4,68.22,60,10,9.15,clear sky
497,Great Bend,US,38.3645,-98.7648,56.97,93,90,5.75,moderate rain
498,Luanda,AO,-8.8368,13.2343,75.2,78,40,6.91,scattered clouds
499,Tazovskiy,RU,67.4667,78.7,28.31,76,43,15.88,scattered clouds
500,Saeby,DK,57.3319,10.5225,50.97,78,100,13.11,light rain
501,Tura,IN,25.5198,90.2201,73.76,86,5,3.67,clear sky
502,Lorengau,PG,-2.0226,147.2712,81.48,75,99,3.2,overcast clouds
503,Sangar,RU,63.9242,127.4739,34.11,98,100,6.29,light rain
504,Ilulissat,GL,69.2167,-51.1,32.02,86,40,2.3,scattered clouds
505,Sovetskiy,RU,61.3614,63.5842,28.72,57,10,4.27,clear sky
506,Yidu,CN,24.1614,115.1328,72.37,89,97,7.65,overcast clouds
507,Ostersund,SE,63.1792,14.6357,43.25,93,75,9.22,broken clouds
508,Rantauprapat,ID,2.1,99.8333,72.3,91,100,2.95,overcast clouds
509,Nauta,PE,-4.5061,-73.5757,90.9,54,42,2.13,scattered clouds
510,Balkhash,KZ,46.844,74.9804,46.67,65,92,16.35,overcast clouds
511,Edd,ER,13.9297,41.6925,89.13,65,100,8.63,overcast clouds
512,Zalari,RU,53.5584,102.5065,36.46,75,21,1.79,few clouds
513,Takhtamygda,RU,54.1,123.5667,30.67,82,2,2.35,clear sky
514,Chara,RU,56.9064,118.2631,26.8,68,20,3.38,few clouds
515,Kirakira,SB,-10.4544,161.9205,79.7,82,87,3.53,overcast clouds
516,Goderich,CA,43.7501,-81.7165,68.32,83,99,12.66,overcast clouds
517,Nyagan,RU,62.1406,65.3936,28.62,64,8,4.56,clear sky
518,Chaozhou,CN,23.6651,116.6379,76.86,79,41,6.26,scattered clouds
519,Abu Samrah,SY,35.3029,37.1841,73.45,24,37,4.52,scattered clouds
520,Bathsheba,BB,13.2167,-59.5167,83.01,78,40,19.57,scattered clouds
521,Ust-Ishim,RU,57.6935,71.1665,27.64,72,10,2.59,clear sky
522,Kuala Terengganu,MY,5.3302,103.1408,78.75,100,20,3.44,few clouds
523,Xinzhi,CN,36.4989,111.7047,47.62,69,85,0.98,overcast clouds
524,Harindanga,IN,22.0383,88.3214,84.18,83,72,5.06,broken clouds
525,Lugovoy,KZ,42.9472,72.7644,40.39,64,53,7.0,broken clouds
526,Tigil,RU,57.8,158.6667,31.44,87,54,5.64,broken clouds
527,Vilhena,BR,-12.7406,-60.1458,89.82,45,20,11.5,few clouds
528,Ambon,ID,-3.6954,128.1814,77.14,88,20,5.75,few clouds
529,Singaraja,ID,-8.112,115.0882,74.97,80,60,5.91,broken clouds
530,Athabasca,CA,54.7169,-113.2854,48.02,40,100,14.5,overcast clouds
531,Dharchula,IN,29.85,80.5333,63.03,55,0,5.88,clear sky
532,Coahuayana,MX,18.7333,-103.6833,92.68,69,100,4.83,overcast clouds
533,Zephyrhills,US,28.2336,-82.1812,87.91,53,1,8.05,clear sky
534,Cape Coast,GH,5.1053,-1.2466,76.73,91,96,12.15,moderate rain
535,Jaguarari,BR,-10.2639,-40.1958,80.98,27,47,3.91,scattered clouds
536,Te Anau,NZ,-45.4167,167.7167,40.69,98,100,2.39,light rain
537,Bilma,NE,18.6853,12.9164,85.71,10,21,7.72,few clouds
538,Saint-Francois,FR,46.4154,3.9054,45.84,92,3,2.3,mist
539,Waipawa,NZ,-41.4122,175.5153,57.45,67,24,7.25,few clouds
540,Shenjiamen,CN,29.9576,122.298,77.13,85,0,8.55,clear sky
541,Richards Bay,ZA,-28.783,32.0377,62.42,62,76,5.35,broken clouds
542,Taft,IR,31.7471,54.2088,53.55,33,0,4.61,clear sky
543,Sola,VU,-13.8833,167.55,83.07,84,75,5.75,broken clouds
544,Bilibino,RU,68.0546,166.4372,-1.37,100,93,2.82,overcast clouds
545,Kapit,MY,2.0167,112.9333,75.69,93,98,0.29,overcast clouds
546,Centralia,US,46.7162,-122.9543,59.94,82,1,0.0,clear sky
547,Sorong,ID,-0.8833,131.25,79.32,84,100,5.53,overcast clouds
548,Egvekinot,RU,66.3167,-179.1667,19.38,86,98,8.68,overcast clouds
549,Tarakan,ID,3.3,117.6333,80.1,89,40,4.61,scattered clouds
550,Daniel Flores,CR,9.3355,-83.6694,75.25,90,76,2.42,broken clouds
551,Staunton,US,38.1496,-79.0717,69.08,67,90,1.99,overcast clouds
552,Non Sung,TH,15.1801,102.2569,80.98,89,100,4.76,overcast clouds
553,Muros,ES,42.7762,-9.0603,63.09,61,0,12.68,clear sky
554,Fort Frances,CA,48.5999,-93.4003,55.62,100,90,8.05,thunderstorm with rain
555,Malatya,TR,38.5,38.0,44.65,49,0,3.44,clear sky
556,Ugoofaaru,MV,5.6667,73.0,83.01,77,72,17.85,broken clouds
557,Foumban,CM,5.7291,10.9001,63.5,96,100,2.01,overcast clouds
558,Ferme-Neuve,CA,46.7001,-75.4493,60.58,94,100,6.24,overcast clouds
559,Tahe,CN,52.3333,124.7333,28.71,90,2,5.28,clear sky
560,Bouillon,BE,49.7932,5.067,48.76,94,86,3.44,overcast clouds
561,Boa Vista,BR,2.8197,-60.6733,85.98,70,75,10.36,broken clouds
562,Vestmannaeyjar,IS,63.4427,-20.2734,43.23,71,60,14.9,broken clouds
563,Panjab,AF,34.388,67.0233,30.18,54,0,5.59,clear sky
564,Broome,US,42.2506,-75.833,68.58,76,90,1.01,overcast clouds
565,Olafsvik,IS,64.8945,-23.7142,40.15,60,24,0.83,few clouds
566,Jesup,US,31.6074,-81.8854,84.22,61,75,0.0,broken clouds
567,Safford,US,32.834,-109.7076,77.92,16,1,16.11,clear sky
568,La Baule-Escoublac,FR,47.2922,-2.364,58.87,90,4,6.91,clear sky
569,Bryan,US,30.6744,-96.37,91.49,60,75,19.57,broken clouds
570,Corrente,BR,-3.7367,-43.3394,86.18,53,74,6.73,broken clouds
571,Dargaville,NZ,-35.9333,173.8833,59.22,64,37,8.05,scattered clouds
572,Palana,RU,59.1167,159.9667,28.92,86,39,6.98,scattered clouds
573,Tungawan,PH,7.5081,122.3711,80.29,82,93,12.19,moderate rain
574,Cap Malheureux,MU,-19.9842,57.6142,72.09,91,98,3.0,moderate rain
575,Kautokeino,NO,69.0125,23.0412,36.41,98,100,4.12,overcast clouds
576,Ust-Omchug,RU,61.15,149.6333,1.9,89,26,2.01,scattered clouds
577,Diapaga,BF,12.0708,1.7889,83.89,36,40,6.31,scattered clouds
578,Lompoc,US,34.6391,-120.4579,86.22,58,1,10.36,clear sky
579,Rio Grande,BR,-32.035,-52.0986,66.31,79,97,21.74,overcast clouds
580,Jaciara,BR,-15.9653,-54.9683,91.06,41,96,3.22,overcast clouds
581,Mweka,CD,-4.85,21.5667,69.91,93,99,3.44,light rain
582,Shahr-E Babak,IR,30.1165,55.1186,56.48,28,0,5.75,clear sky
583,Yeniseysk,RU,58.4497,92.1703,27.36,91,63,6.31,broken clouds
584,Certaldo,IT,43.547,11.0402,58.32,90,4,4.7,clear sky
585,Tambura,SS,5.6,27.4667,71.04,95,100,3.29,overcast clouds
586,Grand Gaube,MU,-20.0064,57.6608,72.0,91,98,5.01,moderate rain
587,Jalu,LY,29.0331,21.5482,78.3,27,0,9.33,clear sky
588,Yatou,CN,37.15,122.3833,58.15,45,90,14.56,light rain
589,Sao Joao Da Barra,BR,-21.6403,-41.0511,68.09,91,100,16.28,overcast clouds
590,Las Cruces,US,32.3123,-106.7783,78.48,16,1,3.0,clear sky
591,Jumla,NP,29.2747,82.1838,50.7,78,1,4.94,clear sky
592,Lyngdal,NO,58.1376,7.07,53.01,80,49,16.82,scattered clouds
593,Mahroni,IN,24.5862,78.7288,75.13,55,5,3.74,clear sky
594,Makakilo City,US,21.3469,-158.0858,86.32,55,1,14.97,clear sky
595,Sete,FR,43.4018,3.6966,61.9,60,6,4.03,clear sky
596,Boende,CD,-0.2167,20.8667,72.55,98,95,2.46,light rain
597,Dongsheng,CN,39.8161,109.9776,36.9,44,0,6.53,clear sky
598,Huamuxtitlan,MX,17.8167,-98.5667,86.99,48,8,4.18,clear sky
599,Rawson,AR,-43.3002,-65.1023,74.88,29,34,14.25,scattered clouds
600,Yar-Sale,RU,66.8333,70.8333,27.46,81,38,9.6,scattered clouds
601,Itarema,BR,-2.9248,-39.9167,79.56,76,8,18.1,clear sky
602,Pulaski,US,34.7668,-92.3001,87.78,50,20,14.97,few clouds
603,Tarauaca,BR,-8.1614,-70.7656,88.18,52,96,3.6,overcast clouds
604,Aleksandrovka,UA,46.8383,32.7612,47.52,50,1,6.51,clear sky
605,Severnyy,RU,50.677,36.5532,42.84,65,96,6.71,light rain
606,Severodvinsk,RU,64.5635,39.8302,50.11,93,100,14.09,light rain
607,Sakakah,SA,29.9697,40.2064,81.97,17,3,7.31,clear sky
608,Port Moresby,PG,-9.4431,147.1797,74.62,100,90,5.75,overcast clouds
609,Matara,LK,5.9485,80.5353,78.19,88,81,12.46,broken clouds
610,Juneau,US,58.3019,-134.4197,46.45,92,90,0.0,light rain
611,Zhigansk,RU,66.7697,123.3711,33.62,99,100,12.64,light rain
612,Dhanaura,IN,28.9667,78.25,74.17,56,0,1.21,clear sky
613,Aykhal,RU,66.0,111.5,19.36,94,100,13.73,overcast clouds
614,Shenxian,CN,36.2411,115.6672,49.17,67,39,6.35,light rain
615,Beira,MZ,-19.8436,34.8389,71.58,83,95,18.72,light rain
616,Luena,AO,-11.7833,19.9167,72.86,34,34,1.59,scattered clouds
617,Fukue,JP,32.6881,128.8419,77.56,74,13,2.64,few clouds
618,Biloxi,US,30.396,-88.8853,88.41,72,20,8.05,few clouds
619,Yaring,TH,6.8662,101.3689,77.14,89,29,8.61,scattered clouds
620,Guangyuan,CN,32.442,105.823,51.42,85,100,4.92,overcast clouds
621,Russell,US,32.3502,-85.1999,85.96,55,1,6.91,clear sky
622,Christchurch,NZ,-43.5333,172.6333,60.03,74,100,3.44,overcast clouds
623,Polunochnoye,RU,60.8697,60.4153,27.39,66,100,3.98,overcast clouds
624,Puerto Rico,AR,-26.796,-55.024,72.27,82,34,4.65,scattered clouds
625,San Quintin,MX,30.4833,-115.95,73.11,54,0,10.67,clear sky
626,Lamar,US,33.6668,-95.5836,89.37,56,90,21.85,overcast clouds
627,Palmer,US,42.1584,-72.3287,63.99,69,90,1.01,overcast clouds
628,Alice Springs,AU,-23.7,133.8833,53.15,94,90,12.66,overcast clouds
629,Tukums,LV,56.9669,23.1553,36.75,77,0,7.11,clear sky
630,Puerto Berrio,CO,6.4916,-74.4033,88.63,60,52,2.93,broken clouds
631,Binzhou,CN,37.3667,118.0167,49.06,64,21,7.83,light rain
632,Tulancingo,MX,20.0833,-98.3667,75.54,48,78,5.97,broken clouds
633,Nara,JP,34.6851,135.8049,72.97,73,0,2.82,clear sky
634,Catamarca,AR,-28.4696,-65.7852,81.77,45,54,3.0,broken clouds
635,Takoradi,GH,4.8845,-1.7554,76.68,90,100,11.83,light rain
636,Toora-Khem,RU,52.4675,96.11,28.56,68,34,0.45,scattered clouds
637,Alekseyevsk,RU,57.8406,108.3492,34.88,99,100,5.01,moderate rain
638,Cairns,AU,-16.9167,145.7667,71.55,78,40,10.36,scattered clouds
639,Inverness,GB,57.4791,-4.224,52.99,81,75,1.99,broken clouds
640,Alyangula,AU,-13.8483,136.4192,69.67,94,100,4.61,overcast clouds
641,Auki,SB,-8.7676,160.7034,78.03,85,100,3.27,light rain
642,Daytona Beach,US,29.2108,-81.0228,81.25,61,40,14.97,scattered clouds
643,Katsina,NG,12.9894,7.6006,83.88,18,100,2.91,overcast clouds
644,Semnan,IR,35.5729,53.3971,54.18,47,0,0.83,clear sky
645,Havre-Saint-Pierre,CA,50.2334,-63.5986,52.39,81,1,13.8,clear sky
646,Burevestnik,RU,56.144,43.7883,50.76,71,90,2.24,overcast clouds
647,Strezhevoy,RU,60.7333,77.5889,24.78,73,8,7.23,clear sky
648,Pilibhit,IN,28.6333,79.8,71.1,68,0,2.53,clear sky
649,Terney,RU,45.0503,136.6092,48.6,67,54,13.51,broken clouds
650,Wattegama,LK,6.7989,81.4808,77.92,80,100,6.24,overcast clouds
651,Talipparamba,IN,12.05,75.35,75.09,96,74,2.66,broken clouds
652,Luau,AO,-10.7073,22.2247,81.25,29,98,2.35,overcast clouds
653,Namwala,ZM,-15.7504,26.4384,82.71,22,69,4.45,broken clouds
654,Hofn,IS,64.2539,-15.2082,42.51,69,62,12.08,broken clouds
655,Mysliborz,PL,52.9238,14.8679,48.81,61,47,6.78,scattered clouds
656,Ilheus,BR,-14.7889,-39.0494,78.62,89,75,5.75,broken clouds
657,Lodja,CD,-3.4833,23.4333,70.81,97,100,2.15,light rain
658,Ulladulla,AU,-35.35,150.4667,50.9,80,100,10.07,overcast clouds
659,San Pedro,PH,14.35,121.0167,80.35,89,20,2.3,few clouds
660,Rorvik,NO,64.8621,11.2373,50.31,81,54,14.81,broken clouds
661,Sisimiut,GL,66.9395,-53.6735,34.77,76,99,7.18,overcast clouds
662,Aguada De Pasajeros,CU,22.385,-80.8508,82.54,65,85,4.07,moderate rain
663,Maceio,BR,-9.6658,-35.7353,80.04,83,20,9.22,few clouds
664,Quang Ngai,VN,15.1167,108.8,75.96,93,97,3.96,overcast clouds
665,Anloga,GH,5.7947,0.8973,79.02,83,35,12.15,scattered clouds
666,Zhangye,CN,38.9342,100.4517,47.23,35,0,3.51,clear sky
667,Bairnsdale,AU,-37.8333,147.6167,43.47,91,10,5.46,clear sky
668,Pimentel,PE,-6.8367,-79.9342,66.49,72,0,19.57,clear sky
669,Luba,GQ,3.4568,8.5547,78.06,85,100,1.03,overcast clouds
670,Westport,US,41.1415,-73.3579,66.34,90,90,1.01,overcast clouds
671,Namanyere,TZ,-7.5167,31.05,72.3,36,64,5.35,broken clouds
672,Riyadh,SA,24.6877,46.7219,80.74,17,0,5.48,clear sky
673,Matagami,CA,49.7502,-77.6328,60.91,100,90,10.36,overcast clouds
674,Rumford,US,44.5537,-70.5509,61.72,74,100,4.41,overcast clouds
675,Atambua,ID,-9.1061,124.8925,73.11,78,98,2.57,overcast clouds
676,Acapulco,MX,16.8634,-99.8901,85.82,70,40,9.22,scattered clouds
677,Bodden Town,KY,19.2833,-81.25,87.98,70,20,4.0,few clouds
678,Mesto Albrechtice,CZ,50.1629,17.5748,42.91,62,84,2.55,broken clouds
679,Oyama,JP,36.3,139.8,73.58,79,8,3.51,clear sky
680,Zhuhai,CN,22.2769,113.5678,82.06,89,20,9.22,light rain
681,Bojnurd,IR,37.4747,57.329,37.35,56,0,2.3,clear sky
682,Havoysund,NO,70.9963,24.6622,45.48,87,100,7.72,overcast clouds
683,Gat,IL,31.61,34.7642,72.81,64,0,5.53,clear sky
684,Shiyan,CN,32.6475,110.7781,51.12,94,100,1.54,overcast clouds
685,Avdon,RU,54.6667,55.7167,43.92,87,75,4.47,broken clouds
686,Newton,US,42.337,-71.2092,63.03,83,90,4.0,overcast clouds
687,Diamantino,BR,-14.4086,-56.4461,92.43,38,66,1.14,broken clouds
688,Novomykolayivka,UA,47.9781,35.9102,50.25,52,8,9.1,clear sky
689,Berezovyy,RU,51.6667,135.7,36.63,93,100,3.27,overcast clouds
690,Belyy Yar,RU,53.6039,91.3903,40.89,65,0,4.47,clear sky
691,Nago,JP,26.5881,127.9761,83.25,86,100,19.64,overcast clouds
692,Barcelos,PT,41.5388,-8.6151,70.84,45,73,6.04,broken clouds
693,Port Washington,US,40.8257,-73.6982,67.64,83,75,3.0,broken clouds
694,Raga,SS,8.4596,25.678,73.06,87,98,4.97,overcast clouds
695,Pandan,PH,14.0453,124.1694,80.76,84,68,13.38,broken clouds
696,Kenora,CA,49.8167,-94.4337,60.78,94,75,5.75,broken clouds
697,Unai,BR,-16.3575,-46.9061,79.63,58,84,3.49,light rain
698,Lufilufi,WS,-13.8745,-171.5986,83.98,77,98,10.25,overcast clouds
699,Camopi,GF,3.1655,-52.3158,83.28,63,76,3.36,broken clouds
700,Hailar,CN,49.2,119.7,36.19,76,0,9.46,clear sky
701,Amga,RU,60.8953,131.9608,32.7,98,100,5.68,snow
702,Gisborne,NZ,-38.6533,178.0042,57.94,72,7,5.03,clear sky
703,Gillette,US,44.2911,-105.5022,61.03,38,1,11.01,clear sky
704,Talaya,RU,61.3833,152.75,5.14,87,5,1.99,clear sky
